<?xml version="1.0" encoding="Windows-1252" ?>
<tp_collections>
<!-- Define the xml files for specific collections -->
<collection collection_name = "lnd_street" >
<fields field_name = "extent" external_name = "Extent" mandatory = "false" field_type="area" field_size ="" unset_value="" default_value ="" field_index="No" mode ="insert"/>
<fields field_name = "tp_authority" external_name = "Authority" mandatory = "false" field_type="tp_land_authority" field_size ="64" unset_value="" default_value ="" field_index="No" mode ="insert"/>
<fields field_name = "tp_calculated_length" external_name = "Calculated Length" mandatory = "false" field_type="ds_float" field_size ="12" unset_value="" default_value ="" field_index="No" mode ="insert" stored_unit="NA"/>
<fields field_name = "tp_circle_name" external_name = "Geo-Circle Name" mandatory = "false" field_type="tp_land_circle_name" field_size ="32" unset_value="" default_value ="" field_index="No" mode ="insert"/>
<fields field_name = "tp_city" external_name = "City" mandatory = "false" field_type="tp_land_city_name" field_size ="32" unset_value="" default_value ="" field_index="No" mode ="insert"/>
<fields field_name = "tp_created_date_in_gis" external_name = "Created Date in GIS" mandatory = "false" field_type="ds_date" field_size ="12" unset_value="" default_value ="" field_index="No" mode ="insert"/>
<fields field_name = "tp_district" external_name = "District" mandatory = "false" field_type="tp_land_district_name" field_size ="32" unset_value="" default_value ="" field_index="No" mode ="insert"/>
<fields field_name = "tp_division_name" external_name = "Geo-Division Name" mandatory = "false" field_type="tp_land_division_name" field_size ="32" unset_value="" default_value ="" field_index="No" mode ="insert"/>
<fields field_name = "tp_fme_unique_id" external_name = "FME Unique ID" mandatory = "false" field_type="ds_char16canon_vec" field_size ="32" unset_value="" default_value ="" field_index="No" mode ="insert"/>
<fields field_name = "tp_locality" external_name = "Locality" mandatory = "false" field_type="tp_land_locality_name" field_size ="32" unset_value="" default_value ="" field_index="No" mode ="insert"/>
<fields field_name = "tp_pincode" external_name = "Pincode" mandatory = "false" field_type="tp_land_pincode" field_size ="32" unset_value="" default_value ="" field_index="No" mode ="insert"/>
<fields field_name = "tp_section_name" external_name = "Geo-Section Name" mandatory = "false" field_type="tp_land_section_name" field_size ="32" unset_value="" default_value ="" field_index="No" mode ="insert"/>
<fields field_name = "tp_sub_division_name" external_name = "Geo-Sub Division Name" mandatory = "false" field_type="tp_land_subdivision_name" field_size ="32" unset_value="" default_value ="" field_index="No" mode ="insert"/>
<fields field_name = "tp_sub_locality" external_name = "Sub Locality" mandatory = "false" field_type="tp_land_sublocality_name" field_size ="32" unset_value="" default_value ="" field_index="No" mode ="insert"/>
<fields field_name = "tp_survey_remark" external_name = "Survey Remarks" mandatory = "false"  field_type="ds_char16canon_vec" field_size ="250" unset_value="" default_value ="" field_index="No" mode ="insert" />
<fields field_name = "tp_type" external_name = "Type" mandatory = "true" field_type="tp_land_road_type" field_size ="32" unset_value="" default_value ="" field_index="No" mode ="insert"/>
<fields field_name = "tp_type_of_corridor" external_name = "Type of Corridor" mandatory = "false" field_type="tp_land_corridor_type" field_size ="32" unset_value="" default_value ="" field_index="No" mode ="insert"/>
<fields field_name = "tp_updated_by" external_name = "Updated By" mandatory = "false" field_type="ds_char16canon_vec" field_size ="32" unset_value="" default_value ="" field_index="No" mode ="insert"/>
<fields field_name = "tp_updated_date_in_gis" external_name = "Updated Date in GIS" mandatory = "false" field_type="ds_date" field_size ="12" unset_value="" default_value ="" field_index="No" mode ="insert"/>
<fields field_name = "tp_ward_name" external_name = "Ward Name" mandatory = "false" field_type="tp_land_ward_name" field_size ="32" unset_value="" default_value ="" field_index="No" mode ="insert"/>
<fields field_name = "tp_width" external_name = "Width" mandatory = "false" field_type="ds_float" field_size ="12" unset_value="" default_value ="" field_index="No" mode ="insert" stored_unit="NA"/>
</collection>
</tp_collections>
