<?xml version="1.0" encoding="Windows-1252" ?>
<tp_collections>
    <!-- Define the xml files for specific collections -->
    <collection collection_name = "ed_cabinet" >
	
	<fields field_name = "extent" external_name = "Extent" mandatory = "false" field_type="area" field_size ="" unset_value="" default_value ="" field_index="No" mode = "insert" />
	<fields field_name = "rated_voltage" external_name = "" mandatory = "false" field_type="" field_size ="" unset_value="" default_value ="" field_index="" stored_unit="Ampere" mode = "update" />
	<fields field_name = "tp_address" external_name = "Address" mandatory = "false" field_type="ds_char16canon_vec" field_size ="32" unset_value="" default_value ="" field_index="No" mode = "insert" />
	<fields field_name = "tp_circle_code" external_name = "Geo-Circle Code" mandatory = "false" field_type="tp_land_circle_code" field_size ="12" unset_value="" default_value =""  mode = "insert" />
	<fields field_name = "tp_circle_name" external_name = "Geo-Circle Name" mandatory = "false" field_type="tp_land_circle_name" field_size ="32" unset_value="" default_value =""  mode = "insert" />
	<fields field_name = "tp_city" external_name = "City" mandatory = "false" field_type="tp_city_name" field_size ="32" unset_value="" default_value =""  mode = "insert" />
	<fields field_name = "tp_company_id" external_name = "Company ID" mandatory = "false" field_type="ds_char16canon_vec" field_size ="32" unset_value="" default_value ="" field_index="No" mode = "insert" />
	<fields field_name = "tp_cyme_id" external_name = "CYME Id" mandatory = "false" field_type="ds_char16canon_vec" field_size ="32" unset_value="" default_value ="" field_index="No" mode = "insert" />
	<fields field_name = "tp_data_collected_in_gis" external_name = "Data Collected in GIS" mandatory = "false" field_type="ds_char16canon_vec" field_size ="32" unset_value="" default_value ="" field_index="No" mode = "insert" />
	<fields field_name = "tp_date_manufactured" external_name = "Date Manufactured" mandatory = "false" field_type="ds_date" field_size ="12" unset_value="" default_value ="" field_index="No" mode = "insert" />
	<fields field_name = "tp_date_of_commissioning" external_name = "Date of Commissioning" mandatory = "false" field_type="ds_date" field_size ="12" unset_value="" default_value ="" field_index="No" mode = "insert" />
	<fields field_name = "tp_date_of_creation_in_gis" external_name = "Date of Creation in GIS" mandatory = "false" field_type="ds_date" field_size ="12" unset_value="" default_value ="" field_index="No" mode = "insert" />
	<fields field_name = "tp_date_of_data_collection" external_name = "Date of Data collection" mandatory = "false" field_type="ds_char16canon_vec" field_size ="32" unset_value="" default_value ="" field_index="No" mode = "insert" />
	<fields field_name = "tp_date_of_de_commissioning" external_name = "Date of De-Commissioning" mandatory = "false" field_type="ds_date" field_size ="12" unset_value="" default_value ="" field_index="No" mode = "insert" />
	<fields field_name = "tp_date_of_last_maintenance" external_name = "Date of Last Maintenance" mandatory = "false" field_type="ds_date" field_size ="12" unset_value="" default_value ="" field_index="No" mode = "insert" />
	<fields field_name = "tp_date_of_last_updation_in_gis" external_name = "Date Last Updated in GIS" mandatory = "false" field_type="ds_date" field_size ="12" unset_value="" default_value ="" field_index="No" mode = "insert" />
	<fields field_name = "tp_date_updated_by_gis" external_name = "Date Updated By GIS" mandatory = "false" field_type="ds_date" field_size ="32" unset_value="" default_value ="" field_index="No" mode = "insert" />
	<fields field_name = "tp_device_type" external_name = "Device Type" mandatory = "true" field_type="tp_cabinet_type" field_size ="32" unset_value="" default_value =""  mode = "insert" />
	<fields field_name = "tp_division_code" external_name = "Geo-Division Code" mandatory = "false" field_type="tp_land_division_code" field_size ="12" unset_value="" default_value =""  mode = "insert" />
	<fields field_name = "tp_division_name" external_name = "Geo-Division Name" mandatory = "false" field_type="tp_land_division_name" field_size ="32" unset_value="" default_value =""  mode = "insert" />
	<fields field_name = "tp_ea_equipment_id" external_name = "EA Equipment ID" mandatory = "false" field_type="ds_char16canon_vec" field_size ="32" unset_value="" default_value ="" field_index="No" mode = "insert" />
	<fields field_name = "tp_feeder_name" external_name = "Feeder Name" mandatory = "false" field_type="ds_char16canon_vec" field_size ="64" unset_value="" default_value ="" field_index="No" mode = "insert" />
	<fields field_name = "tp_installation_type" external_name = "Installation Type" mandatory = "false" field_type="tp_installation_type" field_size ="32" unset_value="" default_value =""  mode = "insert" />
	<fields field_name = "tp_locality" external_name = "Locality" mandatory = "false" field_type="ds_char16canon_vec" field_size ="32" unset_value="" default_value ="" field_index="No" mode = "insert" />
	<fields field_name = "tp_migration_unique_id" external_name = "Migration Unique Id" mandatory = "false" field_type="ds_char16canon_vec" field_size ="32" unset_value="" default_value ="" field_index="No" mode = "insert" />
	<fields field_name = "tp_name" external_name = "Name" mandatory = "false" field_type="ds_char16canon_vec" field_size ="250" unset_value="" default_value ="" field_index="No" mode = "insert" />
	<fields field_name = "tp_network_type" external_name = "Network Type" mandatory = "false" field_type="eo_network_type" field_size ="12" unset_value="" default_value ="" field_index="No" mode = "insert" />
	<fields field_name = "tp_nominal_voltage" external_name = "Nominal Voltage" mandatory = "false" field_type="eo_line_voltage" field_size ="12" unset_value="" default_value =""  mode = "insert" />
	<fields field_name = "tp_pin_code" external_name = "Pin Code" mandatory = "false" field_type="ds_int" field_size ="12" unset_value="" default_value ="" field_index="No" mode = "insert" />
	<fields field_name = "tp_previous_installed_location" external_name = "Prev. Installed Location" mandatory = "false" field_type="ds_char16canon_vec" field_size ="32" unset_value="" default_value ="" field_index="No" mode = "insert" />
	<fields field_name = "tp_rated_current" external_name = "Rated Current" mandatory = "false" field_type="ds_double" field_size ="12" unset_value="" default_value ="" field_index="No" stored_unit="Ampere" mode = "insert" />
	<fields field_name = "tp_road_name" external_name = "Road Name" mandatory = "false" field_type="ds_char16canon_vec" field_size ="32" unset_value="" default_value ="" field_index="No" mode = "insert" />
	<fields field_name = "tp_sap_functional_location" external_name = "SAP Functional Location" mandatory = "false" field_type="ds_char16canon_vec" field_size ="32" unset_value="" default_value ="" field_index="No" mode = "insert" />
	<fields field_name = "tp_sap_id" external_name = "SAP ID" mandatory = "false" field_type="ds_char16canon_vec" field_size ="12" unset_value="" default_value ="" field_index="No" mode = "insert" />
	<fields field_name = "tp_scada_control_id" external_name = "SCADA Control ID" mandatory = "false" field_type="ds_char16canon_vec" field_size ="12" unset_value="" default_value ="" field_index="No" mode = "insert" />
	<fields field_name = "tp_scada_monitor_id" external_name = "SCADA Monitor ID" mandatory = "false" field_type="ds_char16canon_vec" field_size ="12" unset_value="" default_value ="" field_index="No" mode = "insert" />
	<fields field_name = "tp_section_code" external_name = "Geo-Section Code" mandatory = "false" field_type="tp_land_section_code" field_size ="12" unset_value="" default_value =""  mode = "insert" />
	<fields field_name = "tp_section_name" external_name = "Geo-Section Name" mandatory = "false" field_type="tp_land_section_name" field_size ="32" unset_value="" default_value =""  mode = "insert" />
	<fields field_name = "tp_serial_number" external_name = "Serial Number" mandatory = "false" field_type="ds_char16canon_vec" field_size ="32" unset_value="" default_value ="" field_index="No" mode = "insert" />
	<fields field_name = "tp_sub_division_code" external_name = "Geo-Sub Division Code" mandatory = "false" field_type="tp_land_sub_division_code" field_size ="12" unset_value="" default_value =""  mode = "insert" />
	<fields field_name = "tp_sub_division_name" external_name = "Geo-Sub Division Name" mandatory = "false" field_type="tp_land_sub_division_name" field_size ="32" unset_value="" default_value =""  mode = "insert" />
	<fields field_name = "tp_sub_locality" external_name = "Sub Locality" mandatory = "false" field_type="ds_char16canon_vec" field_size ="32" unset_value="" default_value ="" field_index="No" mode = "insert" />
	<fields field_name = "tp_sub_mounting" external_name = "Sub Mounting" mandatory = "false" field_type="tp_sub_mounting" field_size ="12" unset_value="" default_value =""  mode = "insert" />
	<fields field_name = "tp_time_of_data_collection" external_name = "Time of data collection" mandatory = "false" field_type="ds_char16canon_vec" field_size ="32" unset_value="" default_value ="" field_index="No" mode = "insert" />
	<fields field_name = "tp_ward_code" external_name = "Geo-Ward Code" mandatory = "false" field_type="tp_ward_number" field_size ="32" unset_value="" default_value =""  mode = "insert" />
	<fields field_name = "tp_warranty_end_date" external_name = "Warranty End Date" mandatory = "false" field_type="ds_date" field_size ="12" unset_value="" default_value ="" field_index="No" mode = "insert" />
	<fields field_name = "tp_work_order_id" external_name = "Work Order ID" mandatory = "false" field_type="ds_char16canon_vec" field_size ="64" unset_value="" default_value ="" field_index="No" mode = "insert" />
	<fields field_name = "type" external_name = "" mandatory = "false" field_type="" field_size ="" unset_value="" default_value ="" field_index="" stored_unit="Ampere" mode = "update" />
    </collection>
   
</tp_collections>
