<?xml version="1.0" encoding="Windows-1252" ?>
<collections>
    <!-- Define the xml files for specific collections -->
    <collection collection_name = "eo_isolating_eqpt" >
	<fields field_name = "tp_mig_phase" external_name = "Mig Phase" mandatory = "false" field_type="ds_char16canon_vec" field_size ="64" unset_value="" default_value ="" field_index="No" mode = "insert" />
	<fields field_name = "tp_mig_spec" external_name = "Mig Spec" mandatory = "false" field_type="ds_char16canon_vec1" field_size ="254" unset_value="" default_value ="" field_index="No" mode = "insert" />
	<fields field_name = "tp_mig_usage" external_name = "Mig Usage" mandatory = "false" field_type="ds_char16canon_vec" field_size ="64" unset_value="" default_value ="" field_index="No" mode = "insert" />
      <fields field_name = "tp_date_of_last_maintenance" external_name = "Date of Last Maintenance" mandatory = "false" field_type="ds_date" field_size ="12" unset_value="" default_value ="" field_index="No" mode = "insert" />
      <fields field_name = "tp_ea_equipment_id" external_name = "EA Equipment ID" mandatory = "false" field_type="ds_char16canon_vec" field_size ="32" unset_value="" default_value ="" field_index="No" mode = "insert" />
      <fields field_name = "tp_mechanism" external_name = "Mechanism" mandatory = "false" field_type="tp_mechanism" field_size ="64" unset_value="" default_value ="" field_index="No" mode = "insert" />
      <fields field_name = "tp_migration_unique_id" external_name = "Migration Unique Id" mandatory = "false" field_type="ds_char16canon_vec" field_size ="32" unset_value="" default_value ="" field_index="No" mode = "insert" />
      <fields field_name = "tp_rated_breaking_current" external_name = "Rated Breaking Current" mandatory = "false" field_type="ds_double" field_size ="12" unset_value="" default_value ="" field_index="No" stored_unit="Kilo Ampere" mode = "insert" />
      <fields field_name = "tp_sub_type" external_name = "Sub Type" mandatory = "false" field_type="tp_isolating_sub_type" field_size ="32" unset_value="" default_value ="" field_index="No"  mode = "insert" />
    </collection>
</collections>
