<?xml version="1.0" encoding="Windows-1252" ?>
<tp_collections>
    <!-- Define the xml files for specific collections -->
    <collection collection_name = "eo_wire_segment_inst" >
      <fields field_name = "tp_address" external_name = "Address" mandatory = "false" field_type="ds_char16canon_vec" field_size ="32" unset_value="" default_value ="" field_index="No" mode ="insert"/>
      <fields field_name = "tp_cyme_id" external_name = "CYME Id" mandatory = "false" field_type="ds_char16canon_vec" field_size ="32" unset_value="" default_value ="" field_index="No" mode ="insert"/>
      <fields field_name = "tp_end_pole" external_name = "End Pole" mandatory = "false" field_type="ds_char16canon_vec" field_size ="32" unset_value="" default_value ="" field_index="No" mode ="insert"/>
      <fields field_name = "tp_feeder_name" external_name = "Feeder Name" mandatory = "false" field_type="ds_char16canon_vec" field_size ="64" unset_value="" default_value ="" field_index="No" mode ="insert"/>
      <fields field_name = "tp_feeder_code" external_name = "Feeder Code" mandatory = "false" field_type="ds_char16canon_vec" field_size ="64" unset_value="" default_value ="" field_index="No" mode ="insert"/>
      <fields field_name = "tp_dtr_code" external_name = "DTR Code" mandatory = "false" field_type="ds_char16canon_vec" field_size ="64" unset_value="" default_value ="" field_index="No" mode ="insert"/>
      <fields field_name = "tp_lt_ckt_number" external_name = "LT Ckt Number" mandatory = "false" field_type="ds_char16canon_vec" field_size ="64" unset_value="" default_value ="" field_index="No" mode ="insert"/>
      <fields field_name = "tp_group_with" external_name = "Group With" mandatory = "false" field_type="ds_char16canon_vec" field_size ="64" unset_value="" default_value ="" field_index="No" mode ="insert"/>
      <fields field_name = "tp_connection_status" external_name = "Connection Status" mandatory = "false" field_type="ds_char16canon_vec" field_size ="64" unset_value="" default_value ="" field_index="No" mode ="insert"/>
      <fields field_name = "tp_locality" external_name = "Locality" mandatory = "false" field_type="ds_char16canon_vec" field_size ="32" unset_value="" default_value ="" field_index="No" mode ="insert"/>
      <fields field_name = "tp_migration_unique_id" external_name = "Migration Unique Id" mandatory = "false" field_type="ds_char16canon_vec" field_size ="32" unset_value="" default_value ="" field_index="No" mode ="insert"/>
      <fields field_name = "tp_number" external_name = "Number" mandatory = "false" field_type="ds_char16canon_vec" field_size ="12" unset_value="" default_value ="" field_index="No" mode ="insert"/>
      <fields field_name = "tp_road_name" external_name = "Road Name" mandatory = "false" field_type="ds_char16canon_vec" field_size ="32" unset_value="" default_value ="" field_index="No" mode ="insert"/>
      <fields field_name = "tp_start_pole" external_name = "Start Pole" mandatory = "false" field_type="ds_char16canon_vec" field_size ="32" unset_value="" default_value ="" field_index="No" mode ="insert"/>
      <fields field_name = "tp_sub_locality" external_name = "Sub Locality" mandatory = "false" field_type="ds_char16canon_vec" field_size ="32" unset_value="" default_value ="" field_index="No" mode ="insert"/>
      <fields field_name = "tp_work_order_id" external_name = "Work Order ID" mandatory = "false" field_type="ds_char16canon_vec" field_size ="64" unset_value="" default_value ="" field_index="No" mode ="insert"/>
      <fields field_name = "tp_company_id" external_name = "Company ID" mandatory = "false" field_type="ds_char16canon_vec" field_size ="32" unset_value="" default_value ="" field_index="No"  mode ="insert"/>
      <fields field_name = "tp_pin_code" external_name = "Pin Code" mandatory = "false" field_type="ds_int" field_size ="12" unset_value="" default_value ="" field_index="No" mode ="insert"/>
      <fields field_name = "tp_sag" external_name = "Sag" mandatory = "false" field_type="ds_int" field_size ="12" unset_value="" default_value ="" field_index="No" mode ="insert"/>
      <fields field_name = "tp_date_of_commissioning" external_name = "Date of Commissioning" mandatory = "false" field_type="ds_date" field_size ="12" unset_value="" default_value ="" field_index="No" mode ="insert"/>
      <fields field_name = "tp_date_of_de_commissioning" external_name = "Date of De-Commissioning" mandatory = "false" field_type="ds_date" field_size ="12" unset_value="" default_value ="" field_index="No" mode ="insert"/>
      <fields field_name = "tp_date_of_last_maintenance" external_name = "Date of Last Maintenance" mandatory = "false" field_type="ds_date" field_size ="12" unset_value="" default_value ="" field_index="No" mode ="insert"/>
      <fields field_name = "tp_warranty_end_date" external_name = "Warranty End Date" mandatory = "false" field_type="ds_date" field_size ="12" unset_value="" default_value ="" field_index="No" mode ="insert"/>
      <fields field_name = "tp_ac_or_dc" external_name = "Ac Or Dc?" mandatory = "false" field_type="eo_yes_no" field_size ="12" unset_value="" default_value ="" field_index="No" mode ="insert"/>
      <fields field_name = "tp_circle_code" external_name = "Geo-Circle Code" mandatory = "false" field_type="tp_land_circle_code" field_size ="12" unset_value="" default_value ="" field_index="No" mode ="insert"/>
      <fields field_name = "tp_circle_name" external_name = "Geo-Circle Name" mandatory = "false" field_type="tp_land_circle_name" field_size ="32" unset_value="" default_value ="" field_index="No" mode ="insert"/>
      <fields field_name = "tp_city" external_name = "City" mandatory = "false" field_type="tp_city_name" field_size ="32" unset_value="" default_value ="" field_index="No" mode ="insert"/>
      <fields field_name = "tp_division_code" external_name = "Geo-Division Code" mandatory = "false" field_type="tp_land_division_code" field_size ="12" unset_value="" default_value ="" field_index="No" mode ="insert"/>
      <fields field_name = "tp_division_name" external_name = "Geo-Division Name" mandatory = "false" field_type="tp_land_division_name" field_size ="32" unset_value="" default_value ="" field_index="No" mode ="insert"/>
      <fields field_name = "tp_section_code" external_name = "Geo-Section Code" mandatory = "false" field_type="tp_land_section_code" field_size ="12" unset_value="" default_value ="" field_index="No" mode ="insert"/>
      <fields field_name = "tp_section_name" external_name = "Geo-Section Name" mandatory = "false" field_type="tp_land_section_name" field_size ="32" unset_value="" default_value ="" field_index="No" mode ="insert"/>
      <fields field_name = "tp_sub_division_code" external_name = "Geo-Sub Division Code" mandatory = "false" field_type="tp_land_sub_division_code" field_size ="12" unset_value="" default_value ="" field_index="No" mode ="insert"/>
      <fields field_name = "tp_sub_division_name" external_name = "Geo-Sub Division Name" mandatory = "false" field_type="tp_land_sub_division_name" field_size ="32" unset_value="" default_value ="" field_index="No" mode ="insert"/>
      <fields field_name = "tp_sub_mounting" external_name = "Sub Mounting" mandatory = "false" field_type="tp_sub_mounting" field_size ="12" unset_value="" default_value ="" field_index="No" mode ="insert"/>
      <fields field_name = "tp_ward_code" external_name = "Geo-Ward Code" mandatory = "false" field_type="tp_ward_number" field_size ="32" unset_value="" default_value ="" field_index="No" mode ="insert"/>
      <fields field_name = "tp_mig_phase" external_name = "Mig Phase" mandatory = "false" field_type="ds_char16canon_vec" field_size ="64" unset_value="" default_value ="" field_index="No" mode ="insert"/>
	  <fields field_name = "tp_mig_spec" external_name = "Mig Spec" mandatory = "false" field_type="ds_char16canon_vec1" field_size ="254" unset_value="" default_value ="" field_index="No" mode ="insert"/>
	  <fields field_name = "tp_type" external_name = "Type" mandatory = "false" field_type="tp_wire_type" field_size ="64" unset_value="" default_value ="" field_index="No" mode ="insert"/>
	  <fields field_name = "tp_pss_code" external_name = "PSS Code" mandatory = "false" field_type="ds_char16canon_vec" field_size ="64" unset_value="" default_value ="" field_index="No" mode ="insert"/>
      <fields field_name = "tp_rated_breaking_current" external_name = "Rated Breaking Current" mandatory = "false" field_type="ds_double" field_size ="12" unset_value="" default_value ="" field_index="No" stored_unit="Ampere"  mode ="insert"/>
      <fields field_name = "tp_rated_current" external_name = "Rated Current" mandatory = "false" field_type="ds_double" field_size ="12" unset_value="" default_value ="" field_index="No" stored_unit="Ampere" mode ="insert"/>
      <fields field_name = "tp_wire_configuration" external_name = "Configuration" mandatory = "false" field_type="tp_wire_configuration" field_size ="32" unset_value="" default_value ="" field_index="No" mode ="insert"/>
	  <fields field_name = "tp_gss_code" external_name = "GSS Code" mandatory = "false" field_type="ds_char16canon_vec" field_size ="64" unset_value="" default_value ="" field_index="No" mode = "insert" />
    <fields field_name = "tp_dss_code" external_name = "DSS Code" mandatory = "false" field_type="ds_char16canon_vec" field_size ="64" unset_value="" default_value ="" field_index="No" mode = "insert" />
    </collection>
   
</tp_collections>
