<?xml version="1.0" encoding="Windows-1252" ?>
<tp_collections>
  <!-- Define the xml files for specific collections -->
<collection collection_name = "ed_pole" >
<fields field_name = "tp_address" external_name = "Address" mandatory = "false" field_type="ds_char16canon_vec" field_size ="32" unset_value="" default_value ="" field_index="No"  mode = "insert" />
<fields field_name = "tp_anti_climbing_device" external_name = "Anti Climbing device?" mandatory = "false" field_type="eo_yes_no" field_size ="12" unset_value="" default_value ="" field_index="No"  mode = "insert" />
<fields field_name = "tp_branching_status" external_name = "Branching Status?" mandatory = "false" field_type="eo_yes_no" field_size ="12" unset_value="" default_value ="" field_index="No"  mode = "insert" />
<fields field_name = "tp_cable_raising_term" external_name = "Cable Raising/Termination" mandatory = "false" field_type="eo_yes_no" field_size ="12" unset_value="" default_value ="" field_index="No"  mode = "insert" />
<fields field_name = "tp_circle_code" external_name = "Geo-Circle Code" mandatory = "false" field_type="tp_land_circle_code" field_size ="12" unset_value="" default_value ="" field_index="No"  mode = "insert" />
<fields field_name = "tp_circle_name" external_name = "Geo-Circle Name" mandatory = "false" field_type="tp_land_circle_name" field_size ="32" unset_value="" default_value ="" field_index="No"  mode = "insert" />
<fields field_name = "tp_circuit_number" external_name = "Circuit Number" mandatory = "false" field_type="ds_char16canon_vec" field_size ="64" unset_value="" default_value ="" field_index="No"  mode = "insert" />
<fields field_name = "tp_city" external_name = "City" mandatory = "false" field_type="tp_city_name" field_size ="12" unset_value="" default_value ="" field_index="No"  mode = "insert" />
<fields field_name = "tp_clearance_from_nearest_house" external_name = "Safe Clearance From House?" mandatory = "false" field_type="eo_yes_no" field_size ="12" unset_value="" default_value ="" field_index="No"  mode = "insert" />
<fields field_name = "tp_company_id" external_name = "Company ID" mandatory = "false" field_type="ds_char16canon_vec" field_size ="32" unset_value="" default_value ="" field_index="No"  mode = "insert" />
<fields field_name = "tp_composite_status" external_name = "Composite Status?" mandatory = "false" field_type="eo_yes_no" field_size ="12" unset_value="" default_value ="" field_index="No"  mode = "insert" />
<fields field_name = "tp_composite_type" external_name = "Composite Type" mandatory = "false" field_type="tp_composite_type" field_size ="32" unset_value="" default_value ="" field_index="No"  mode = "insert" />
<fields field_name = "tp_condition_of_pole" external_name = "Condition of Pole" mandatory = "false" field_type="tp_condition" field_size ="32" unset_value="" default_value ="" field_index="No"  mode = "insert" />
<fields field_name = "tp_couping" external_name = "Couping?" mandatory = "false" field_type="eo_yes_no" field_size ="12" unset_value="" default_value ="" field_index="No"  mode = "insert" />
<fields field_name = "tp_cross_arm" external_name = "Cross Arm" mandatory = "false" field_type="tp_crossarm_type" field_size ="12" unset_value="" default_value ="" field_index="No"  mode = "insert" />
<fields field_name = "tp_cross_arm_pin_type" external_name = "Cross Arm Pin Type" mandatory = "false" field_type="tp_number" field_size ="12" unset_value="" default_value ="" field_index="No"  mode = "insert" />
<fields field_name = "tp_cut_point" external_name = "Cut Point?" mandatory = "false" field_type="eo_yes_no" field_size ="12" unset_value="" default_value ="" field_index="No"  mode = "insert" />
<fields field_name = "tp_cyme_id" external_name = "CYME Id" mandatory = "false" field_type="ds_char16canon_vec" field_size ="32" unset_value="" default_value ="" field_index="No"  mode = "insert" />
<fields field_name = "tp_danger_board_status" external_name = "Danger Board Status?" mandatory = "false" field_type="eo_yes_no" field_size ="12" unset_value="" default_value ="" field_index="No"  mode = "insert" />
<fields field_name = "tp_data_collected_in_gis" external_name = "Data Collected in GIS" mandatory = "false" field_type="ds_char16canon_vec" field_size ="32" unset_value="" default_value ="" field_index="No"  mode = "insert" />
<fields field_name = "tp_date_of_commissioning" external_name = "Date of Commissioning" mandatory = "false" field_type="ds_date" field_size ="12" unset_value="" default_value ="" field_index="No"  mode = "insert" />
<fields field_name = "tp_date_of_creation_in_gis" external_name = "Date of Creation in GIS" mandatory = "false" field_type="ds_date" field_size ="12" unset_value="" default_value ="" field_index="No"  mode = "insert" />
<fields field_name = "tp_date_of_de_commissioning" external_name = "Date of De-Commissioning" mandatory = "false" field_type="ds_date" field_size ="12" unset_value="" default_value ="" field_index="No"  mode = "insert" />
<fields field_name = "tp_date_of_last_maintenance" external_name = "Date of Last Maintenance" mandatory = "false" field_type="ds_date" field_size ="12" unset_value="" default_value ="" field_index="No"  mode = "insert" />
<fields field_name = "tp_date_of_last_updation_in_gis" external_name = "Date Last Updated in GIS" mandatory = "false" field_type="ds_date" field_size ="12" unset_value="" default_value ="" field_index="No"  mode = "insert" />
<fields field_name = "tp_date_updated_by_gis" external_name = "Date Updated by GIS" mandatory = "false" field_type="ds_date" field_size ="32" unset_value="" default_value ="" field_index="No"  mode = "insert" />
<fields field_name = "tp_dimensions" external_name = "Dimensions" mandatory = "false" field_type="tp_dimensions" field_size ="32" unset_value="" default_value ="" field_index="No"  mode = "insert" />
<fields field_name = "tp_division_code" external_name = "Geo-Division Code" mandatory = "false" field_type="tp_land_division_code" field_size ="12" unset_value="" default_value ="" field_index="No"  mode = "insert" />
<fields field_name = "tp_division_name" external_name = "Geo-Division Name" mandatory = "false" field_type="tp_land_division_name" field_size ="32" unset_value="" default_value ="" field_index="No"  mode = "insert" />
<fields field_name = "tp_dtr_code" external_name = "DTR Code" mandatory = "false" field_type="ds_char16canon_vec" field_size ="64" unset_value="" default_value ="" field_index="No"  mode = "insert" />
<fields field_name = "tp_dtr_name" external_name = "DTR Name" mandatory = "false" field_type="ds_char16canon_vec" field_size ="64" unset_value="" default_value ="" field_index="No"  mode = "insert" />
<fields field_name = "tp_ea_equipment_id" external_name = "EA Equipment ID" mandatory = "false" field_type="ds_char16canon_vec" field_size ="32" unset_value="" default_value ="" field_index="No"  mode = "insert" />
<fields field_name = "tp_earthing" external_name = "Earthing?" mandatory = "false" field_type="eo_yes_no" field_size ="32" unset_value="" default_value ="" field_index="No"  mode = "insert" />
<fields field_name = "tp_earthing_condition" external_name = "Earthing Condition?" mandatory = "false" field_type="tp_condition" field_size ="32" unset_value="" default_value ="" field_index="No"  mode = "insert" />
<fields field_name = "tp_extension" external_name = "Extension" mandatory = "false" field_type="ds_char16canon_vec" field_size ="32" unset_value="" default_value ="" field_index="No"  mode = "insert" />
<fields field_name = "tp_feeder_code" external_name = "Feeder Code" mandatory = "false" field_type="ds_char16canon_vec" field_size ="64" unset_value="" default_value ="" field_index="No"  mode = "insert" />
<fields field_name = "tp_feeder_name" external_name = "Feeder Name" mandatory = "false" field_type="ds_char16canon_vec" field_size ="64" unset_value="" default_value ="" field_index="No"  mode = "insert" />
<fields field_name = "tp_foundation_lvl_frm_sea_lvl" external_name = "Foundation Level From Mean Sea Level" mandatory = "false" field_type="ds_double" field_size ="32" unset_value="" default_value ="" field_index="No" stored_unit="Meter" mode = "insert" />
<fields field_name = "tp_ground_clearance" external_name = "Ground Clearance" mandatory = "false" field_type="ds_char16canon_vec" field_size ="64" unset_value="" default_value ="" field_index="No"  mode = "insert" />
<fields field_name = "tp_gss_code" external_name = "GSS Code" mandatory = "false" field_type="ds_char16canon_vec" field_size ="64" unset_value="" default_value ="" field_index="No"  mode = "insert" />
<fields field_name = "tp_gss_name" external_name = "GSS Name" mandatory = "false" field_type="ds_char16canon_vec" field_size ="64" unset_value="" default_value ="" field_index="No"  mode = "insert" />
<fields field_name = "tp_insulator_material" external_name = "Insulator Material" mandatory = "false" field_type="tp_insulator_material" field_size ="12" unset_value="" default_value ="" field_index="No"  mode = "insert" />
<fields field_name = "tp_jumper_connected" external_name = "Jumper Connected" mandatory = "false" field_type="ds_char16canon_vec" field_size ="64" unset_value="" default_value ="" field_index="No"  mode = "insert" />
<fields field_name = "tp_la_provided" external_name = "LA Provided?" mandatory = "false" field_type="eo_yes_no" field_size ="12" unset_value="" default_value ="" field_index="No"  mode = "insert" />
<fields field_name = "tp_locality" external_name = "Locality" mandatory = "false" field_type="ds_char16canon_vec" field_size ="32" unset_value="" default_value ="" field_index="No"  mode = "insert" />
<fields field_name = "tp_lt_ckt_number" external_name = "LT Ckt Number" mandatory = "false" field_type="ds_char16canon_vec" field_size ="64" unset_value="" default_value ="" field_index="No"  mode = "insert" />
<fields field_name = "tp_mv_insulator_type" external_name = "MV Insulator Type" mandatory = "false" field_type="tp_insulator_type" field_size ="32" unset_value="" default_value ="" field_index="No"  mode = "insert" />
<fields field_name = "tp_hv_insulator_type" external_name = "HV Insulator Type" mandatory = "false" field_type="tp_insulator_type" field_size ="32" unset_value="" default_value ="" field_index="No"  mode = "insert" />
<fields field_name = "tp_lv_insulator_type" external_name = "LV Insulator Type" mandatory = "false" field_type="tp_insulator_type" field_size ="32" unset_value="" default_value ="" field_index="No"  mode = "insert" />
<fields field_name = "tp_no_of_mv_circuits" external_name = "No of MV Circuits" mandatory = "false" field_type="ds_int" field_size ="12" unset_value="" default_value ="" field_index="No"  mode = "insert" />
<fields field_name = "tp_no_of_hv_circuits" external_name = "No of HV Circuits" mandatory = "false" field_type="ds_int" field_size ="12" unset_value="" default_value ="" field_index="No"  mode = "insert" />
<fields field_name = "tp_manufacturer" external_name = "Manufacturer" mandatory = "false" field_type="eo_manufacturer" field_size ="32" unset_value="Unknown" default_value ="Unknown" field_index="No"  mode = "insert" />
<fields field_name = "tp_migration_unique_id" external_name = "Migration Unique Id" mandatory = "false" field_type="ds_char16canon_vec" field_size ="32" unset_value="" default_value ="" field_index="No"  mode = "insert" />
<fields field_name = "tp_network_type" external_name = "Network Type" mandatory = "false" field_type="eo_network_type" field_size ="12" unset_value="" default_value ="" field_index="No"  mode = "insert" />
<fields field_name = "tp_no_of_branches" external_name = "No of Branches" mandatory = "false" field_type="ds_int" field_size ="12" unset_value="" default_value ="" field_index="No"  mode = "insert" />
<fields field_name = "tp_no_of_other_cab" external_name = "No of Other Cables" mandatory = "false" field_type="ds_int" field_size ="12" unset_value="" default_value ="" field_index="No"  mode = "insert" />
<fields field_name = "tp_no_of_service_lines" external_name = "No of Service Lines" mandatory = "false" field_type="ds_int" field_size ="12" unset_value="" default_value ="" field_index="No"  mode = "insert" />
<fields field_name = "tp_no_of_stay_wires" external_name = "No of Stay Wires" mandatory = "false" field_type="ds_int" field_size ="12" unset_value="" default_value ="" field_index="No"  mode = "insert" />
<fields field_name = "tp_no_of_street_light" external_name = "No of Streel Light" mandatory = "false" field_type="ds_int" field_size ="12" unset_value="" default_value ="" field_index="No"  mode = "insert" />
<fields field_name = "tp_no_of_stud_poles" external_name = "No of Stud Poles" mandatory = "false" field_type="ds_int" field_size ="12" unset_value="" default_value ="" field_index="No"  mode = "insert" />
<fields field_name = "tp_no_of_tv_tel" external_name = "No. OF TV Tel" mandatory = "false" field_type="ds_char16canon_vec" field_size ="64" unset_value="" default_value ="" field_index="No"  mode = "insert" />
<fields field_name = "tp_nominal_voltage" external_name = "Nominal Voltage" mandatory = "false" field_type="eo_line_voltage" field_size ="12" unset_value="" default_value ="" field_index="No"  mode = "insert" />
<fields field_name = "tp_pin_code" external_name = "Pin Code" mandatory = "false" field_type="ds_int" field_size ="12" unset_value="" default_value ="" field_index="No"  mode = "insert" />
<fields field_name = "tp_pole_paint_code" external_name = "Pole Paint Code" mandatory = "false" field_type="ds_char16canon_vec" field_size ="64" unset_value="" default_value ="" field_index="No"  mode = "insert" />
<fields field_name = "tp_previous_installed_location" external_name = "Prev. Installed Location" mandatory = "false" field_type="ds_char16canon_vec" field_size ="32" unset_value="" default_value ="" field_index="No"  mode = "insert" />
<fields field_name = "tp_pss_code" external_name = "PSS Code" mandatory = "false" field_type="ds_char16canon_vec" field_size ="64" unset_value="" default_value ="" field_index="No"  mode = "insert" />
<fields field_name = "tp_pss_name" external_name = "PSS Name" mandatory = "false" field_type="ds_char16canon_vec" field_size ="64" unset_value="" default_value ="" field_index="No"  mode = "insert" />
<fields field_name = "tp_road_cross_guarding" external_name = "Road Cross Guarding?" mandatory = "false" field_type="eo_yes_no" field_size ="12" unset_value="" default_value ="" field_index="No"  mode = "insert" />
<fields field_name = "tp_road_name" external_name = "Road Name" mandatory = "false" field_type="ds_char16canon_vec" field_size ="32" unset_value="" default_value ="" field_index="No"  mode = "insert" />
<fields field_name = "tp_section_code" external_name = "Geo-Section Code" mandatory = "false" field_type="tp_land_section_code" field_size ="12" unset_value="" default_value ="" field_index="No"  mode = "insert" />
<fields field_name = "tp_section_name" external_name = "Geo-Section Name" mandatory = "false" field_type="tp_land_section_name" field_size ="32" unset_value="" default_value ="" field_index="No"  mode = "insert" />
<fields field_name = "tp_shared" external_name = "Shared?" mandatory = "false" field_type="eo_yes_no" field_size ="12" unset_value="" default_value ="" field_index="No"  mode = "insert" />
<fields field_name = "tp_street_light_status" external_name = "Street Light Status?" mandatory = "false" field_type="eo_yes_no" field_size ="12" unset_value="" default_value ="" field_index="No"  mode = "insert" />
<fields field_name = "tp_street_light_type" external_name = "Street Light Type" mandatory = "false" field_type="tp_light_type" field_size ="32" unset_value="" default_value ="" field_index="No"  mode = "insert" />
<fields field_name = "tp_structure_type" external_name = "Structure Type" mandatory = "false" field_type="tp_structure_type" field_size ="32" unset_value="" default_value ="" field_index="No"  mode = "insert" />
<fields field_name = "tp_sub_division_code" external_name = "Geo-Sub Division Code" mandatory = "false" field_type="tp_land_sub_division_code" field_size ="12" unset_value="" default_value ="" field_index="No"  mode = "insert" />
<fields field_name = "tp_sub_division_name" external_name = "Geo-Sub Division Name" mandatory = "false" field_type="tp_land_sub_division_name" field_size ="32" unset_value="" default_value ="" field_index="No"  mode = "insert" />
<fields field_name = "tp_sub_locality" external_name = "Sub Locality" mandatory = "false" field_type="ds_char16canon_vec" field_size ="32" unset_value="" default_value ="" field_index="No"  mode = "insert" />
<fields field_name = "tp_sub_type" external_name = "Sub Type" mandatory = "false" field_type="ds_char16canon_vec" field_size ="64" unset_value="" default_value ="" field_index="No"  mode = "insert" />
<fields field_name = "tp_time_of_data_collection" external_name = "Time of data collection" mandatory = "false" field_type="ds_char16canon_vec" field_size ="32" unset_value="" default_value ="" field_index="No"  mode = "insert" />
<fields field_name = "tp_uq_pole_photo" external_name = "Uq Pole Photo" mandatory = "false" field_type="ds_char16canon_vec1" field_size ="254" unset_value="" default_value ="" field_index="No" mode = "insert" />
<fields field_name = "tp_ward_code" external_name = "Geo-Ward Code" mandatory = "false" field_type="tp_ward_number" field_size ="32" unset_value="" default_value ="" field_index="No"  mode = "insert" />
<fields field_name = "tp_warranty_end_date" external_name = "Warranty End Date" mandatory = "false" field_type="ds_char16canon_vec" field_size ="32" unset_value="" default_value ="" field_index="No"  mode = "insert" />

</collection>
  
</tp_collections>