<?xml version="1.0" encoding="Windows-1252" ?>
<tp_collections>
  <!-- Define the xml files for specific collections -->
  <!-- Comms Device -->
  
  <collection join_type="1:N" join_name ="tp_eo_comms_device - fpi" parent_coll_name = "eo_comms_device" parent_ename="Connected FPIs" child_coll_name="eo_protective_eqpt_inst" child_ename="Connected Comms Device"  parent_field_name="tp_connected_fpis" child_field_name="tp_connected_comms_devices" coord_x="282331" coord_y="211333"/>
  <collection join_type="1:0" join_name ="tp_eo_comms_device - Relay" parent_coll_name = "eo_comms_device" parent_ename="Connected Relays" child_coll_name="eo_light_relay" child_ename="Connected Comms Device"  parent_field_name="tp_connected_relays" child_field_name="tp_connected_comms_devices" coord_x="303292" coord_y="211333"/>
  <collection join_type="1:0" join_name ="tp_eo_comms_device - Substations" parent_coll_name = "eo_comms_device" parent_ename="Connected Substations" child_coll_name="sub_substation" child_ename="Connected Comms Device"  parent_field_name="tp_connected_substations" child_field_name="tp_connected_comms_devices" coord_x="327359" coord_y="215992"/>
  <collection join_type="1:0" join_name ="tp_eo_comms_device - Switchgears" parent_coll_name = "eo_comms_device" parent_ename="Connected Switchgears" child_coll_name="ed_switchgear" child_ename="Connected Comms Device"  parent_field_name="tp_connected_switchgears" child_field_name="tp_connected_comms_devices" coord_x="343663" coord_y="216768"/>


  <!-- Conduit -->

  <collection join_type="1:N" join_name ="tp_eo_conduit - Cable" parent_coll_name = "eo_conduit" parent_ename="Connected Cables" child_coll_name="eo_cable_segment_inst" child_ename="Connected Conduits"  parent_field_name="tp_connected_cables" child_field_name="tp_connected_conduits" coord_x="945875" coord_y="-132879"/>
  <collection join_type="1:0" join_name ="tp_eo_conduit - Substation" parent_coll_name = "eo_conduit" parent_ename="Connected Substations" child_coll_name="sub_substation" child_ename="Connected Conduits"  parent_field_name="tp_connected_substations" child_field_name="tp_connected_conduits" coord_x="1076621" coord_y="-155134"/>

  <!-- Substation -->

  <collection join_type="1:N" join_name ="tp_sub_substation - Joint" parent_coll_name = "sub_substation" parent_ename="Connected Joints" child_coll_name="eo_connector_point_inst" child_ename="Connected Substations"  parent_field_name="tp_connected_joints" child_field_name="tp_connected_substations" coord_x="367730" coord_y="212886"/>
  <collection join_type="1:N" join_name ="tp_sub_substation - Aux Xfrmr" parent_coll_name = "sub_substation" parent_ename="Connected Auxiliary Transformers" child_coll_name="eo_power_xfrmr_inst" child_ename="Connected Substations"  parent_field_name="tp_connected_aux_xfrmrs" child_field_name="tp_connected_substations" coord_x="387139" coord_y="207452"/>
  <collection join_type="1:N" join_name ="tp_sub_substation - Busbar" parent_coll_name = "sub_substation" parent_ename="Connected Busbars" child_coll_name="eo_connector_segment_inst" child_ename="Connected Substations"  parent_field_name="tp_connected_busbars" child_field_name="tp_connected_substations" coord_x="404995" coord_y="205123"/>
  <collection join_type="1:N" join_name ="tp_sub_substation - Cabinet" parent_coll_name = "sub_substation" parent_ename="Connected Cabinets" child_coll_name="ed_cabinet" child_ename="Connected Substations"  parent_field_name="tp_connected_cabinets" child_field_name="tp_connected_substations" coord_x="418969" coord_y="206675"/>
  <collection join_type="1:N" join_name ="tp_sub_substation - Cable" parent_coll_name = "sub_substation" parent_ename="Connected Cables" child_coll_name="eo_cable_segment_inst" child_ename="Connected Substations"  parent_field_name="tp_connected_cables" child_field_name="tp_connected_substations" coord_x="434496" coord_y="208228"/>
  <collection join_type="1:N" join_name ="tp_sub_substation - Conduit" parent_coll_name = "sub_substation" parent_ename="Connected Conduits" child_coll_name="eo_conduit" child_ename="Connected Substations"  parent_field_name="tp_connected_conduits" child_field_name="tp_connected_substations" coord_x="448471" coord_y="210557"/>
  <collection join_type="1:N" join_name ="tp_sub_substation - Feeder" parent_coll_name = "sub_substation" parent_ename="Connected Feeders" child_coll_name="eo_wire_segment_inst" child_ename="Connected Substations"  parent_field_name="tp_connected_feeders" child_field_name="tp_connected_substations" coord_x="461669" coord_y="211333"/>
  <collection join_type="1:N" join_name ="tp_sub_substation - Fpi" parent_coll_name = "sub_substation" parent_ename="Connected FPIs" child_coll_name="eo_protective_eqpt_inst" child_ename="Connected Substations"  parent_field_name="tp_connected_fpis" child_field_name="tp_connected_substations" coord_x="481078" coord_y="212886"/>
  <collection join_type="1:N" join_name ="tp_sub_substation - Insulator" parent_coll_name = "sub_substation" parent_ename="Connected Insulators" child_coll_name="et_insulator" child_ename="Connected Substations"  parent_field_name="tp_connected_insulators" child_field_name="tp_connected_substations" coord_x="494276" coord_y="214439"/>
  <collection join_type="1:N" join_name ="tp_sub_substation - Isolating Eqpt" parent_coll_name = "sub_substation" parent_ename="Connected Isolating Devices" child_coll_name="eo_isolating_eqpt_inst" child_ename="Connected Substations"  parent_field_name="tp_connected_isolating_devices" child_field_name="tp_connected_substations" coord_x="1140603" coord_y="-210770"/>
  <collection join_type="1:N" join_name ="tp_sub_substation - Jumper" parent_coll_name = "sub_substation" parent_ename="Connected Jumpers" child_coll_name="eo_wire_segment_inst" child_ename="Connected Substations"  parent_field_name="tp_connected_jumpers" child_field_name="tp_connected_substations" coord_x="535423" coord_y="218321"/>
  <collection join_type="1:N" join_name ="tp_sub_substation - Regulating Eqpt" parent_coll_name = "sub_substation" parent_ename="Connected Regulating Equipments" child_coll_name="eo_regulating_eqpt_inst" child_ename="Connected Substations"  parent_field_name="tp_connected_reg_eqpts" child_field_name="tp_connected_substations" coord_x="512132" coord_y="214439"/>
  <collection join_type="1:N" join_name ="tp_sub_substation - Meter" parent_coll_name = "sub_substation" parent_ename="Connected DT Meters" child_coll_name="eo_meter" child_ename="Connected Substations"  parent_field_name="tp_connected_meters" child_field_name="tp_connected_substations" coord_x="557161" coord_y="217544"/>
  <collection join_type="1:N" join_name ="tp_sub_substation - Pole" parent_coll_name = "sub_substation" parent_ename="Connected Poles" child_coll_name="ed_pole" child_ename="Connected Substations"  parent_field_name="tp_connected_poles" child_field_name="tp_connected_substations" coord_x="577346" coord_y="213662"/>
  <collection join_type="1:N" join_name ="tp_sub_substation - Relay" parent_coll_name = "sub_substation" parent_ename="Connected Relays" child_coll_name="eo_light_relay" child_ename="Connected Substations"  parent_field_name="tp_connected_relays" child_field_name="tp_connected_substations" coord_x="594426" coord_y="209781"/>
  <collection join_type="1:N" join_name ="tp_sub_substation - Rtu" parent_coll_name = "sub_substation" parent_ename="Connected RTUs" child_coll_name="ed_switchgear" child_ename="Connected Substations"  parent_field_name="tp_connected_rtus" child_field_name="tp_connected_substations" coord_x="596755" coord_y="186490"/>
  <collection join_type="1:N" join_name ="tp_sub_substation - Service Pt" parent_coll_name = "sub_substation" parent_ename="Connected Service Points" child_coll_name="eo_service_point" child_ename="Connected Substations"  parent_field_name="tp_connected_service_points" child_field_name="tp_connected_substations" coord_x="583557" coord_y="135251"/>
  <!--<collection join_type="1:0" join_name ="tp_sub_substation -" parent_coll_name = "sub_substation" parent_ename="Connected Switchgears" child_coll_name="ed_switchgear" child_ename="Connected Substations"  parent_field_name="tp_connected_switchgears" child_field_name="tp_connected_substations"/>-->
  <collection join_type="1:N" join_name ="tp_sub_substation - Wire" parent_coll_name = "sub_substation" parent_ename="Connected Wires" child_coll_name="eo_wire_segment_inst" child_ename="Connected Substations"  parent_field_name="tp_connected_wires" child_field_name="tp_connected_substations" coord_x="599084" coord_y="167857"/>
 
  <!--  Cabinet-->
   <collection join_type="1:N" join_name ="tp_ed_cabinet - Busbar" parent_coll_name = "ed_cabinet" parent_ename="Connected Busbars" child_coll_name="eo_connector_segment_inst" child_ename="Connected Cabinets"  parent_field_name="tp_connected_busbars" child_field_name="tp_connected_cabinets" coord_x="335899" coord_y="280429"/>
   <collection join_type="1:N" join_name ="tp_ed_cabinet - Cable" parent_coll_name = "ed_cabinet" parent_ename="Connected Cables" child_coll_name="eo_cable_segment_inst" child_ename="Connected Cabinets"  parent_field_name="tp_connected_cables" child_field_name="tp_connected_cabinets" coord_x="361519" coord_y="282758"/>
   <collection join_type="1:N" join_name ="tp_ed_cabinet - Conduit" parent_coll_name = "ed_cabinet" parent_ename="Connected Conduits" child_coll_name="eo_conduit" child_ename="Connected Cabinets"  parent_field_name="tp_connected_conduits" child_field_name="tp_connected_cabinets" coord_x="384810" coord_y="282758"/>
   <collection join_type="1:0" join_name ="tp_ed_cabinet - Switchgear" parent_coll_name = "ed_cabinet" parent_ename="Connected HV Switchgears" child_coll_name="ed_switchgear" child_ename="Connected Cabinets"  parent_field_name="tp_connected_switchgears" child_field_name="tp_connected_cabinets" coord_x="418193" coord_y="280429"/>
   <collection join_type="1:N" join_name ="tp_ed_cabinet - Isolating Device" parent_coll_name = "ed_cabinet" parent_ename="Connected Isolating Devices" child_coll_name="eo_isolating_eqpt_inst" child_ename="Connected Cabinets"  parent_field_name="tp_connected_isolating_devices" child_field_name="tp_connected_cabinets" coord_x="444589" coord_y="281982"/>
   <collection join_type="1:N" join_name ="tp_ed_cabinet - Feeder" parent_coll_name = "ed_cabinet" parent_ename="Connected LV Feeders" child_coll_name="eo_wire_segment_inst" child_ename="Connected Cabinets"  parent_field_name="tp_connected_feeders" child_field_name="tp_connected_cabinets" coord_x="476420" coord_y="285087"/>
   <collection join_type="1:N" join_name ="tp_ed_cabinet - Meter" parent_coll_name = "ed_cabinet" parent_ename="Connected Meters" child_coll_name="eo_meter" child_ename="Connected Cabinets"  parent_field_name="tp_connected_meters" child_field_name="tp_connected_cabinets" coord_x="504368" coord_y="286640"/>
   <collection join_type="1:0" join_name ="tp_ed_cabinet - Pole" parent_coll_name = "ed_cabinet" parent_ename="Connected Poles" child_coll_name="ed_pole" child_ename="Connected Cabinets"  parent_field_name="tp_connected_poles" child_field_name="tp_connected_cabinets" coord_x="529212" coord_y="286640"/>
   <collection join_type="1:0" join_name ="tp_ed_cabinet - Xfrmr" parent_coll_name = "ed_cabinet" parent_ename="Connected Transformers" child_coll_name="eo_power_xfrmr_inst" child_ename="Connected Cabinets"  parent_field_name="tp_connected_xfrmrs" child_field_name="tp_connected_cabinets" coord_x="549397" coord_y="288193"/>

  <!--  Switchgears-->

   <collection join_type="1:0" join_name ="tp_ed_switchgear - Busbar" parent_coll_name = "ed_switchgear" parent_ename="Connected Busbars" child_coll_name="eo_connector_segment_inst" child_ename="Connected Switchgears"  parent_field_name="tp_connected_busbars" child_field_name="tp_connected_switchgears" coord_x="584333" coord_y="291298"/>
   <collection join_type="1:0" join_name ="tp_ed_switchgear - Cable" parent_coll_name = "ed_switchgear" parent_ename="Connected Cables" child_coll_name="eo_cable_segment_inst" child_ename="Connected Switchgears"  parent_field_name="tp_connected_cables" child_field_name="tp_connected_switchgears" coord_x="614611" coord_y="292851"/>
   <collection join_type="1:0" join_name ="tp_ed_switchgear - Conduit" parent_coll_name = "ed_switchgear" parent_ename="Connected Conduits" child_coll_name="eo_conduit" child_ename="Connected Switchgears"  parent_field_name="tp_connected_conduits" child_field_name="tp_connected_switchgears" coord_x="377822" coord_y="348748"/>
   <collection join_type="1:0" join_name ="tp_ed_switchgear - Feeder" parent_coll_name = "ed_switchgear" parent_ename="Connected Feeders" child_coll_name="eo_wire_segment_inst" child_ename="Connected Switchgears"  parent_field_name="tp_connected_feeders" child_field_name="tp_connected_switchgears" coord_x="411982" coord_y="349525"/>
   <collection join_type="1:N" join_name ="tp_ed_switchgear - FPI" parent_coll_name = "ed_switchgear" parent_ename="Connected FPIs" child_coll_name="eo_protective_eqpt_inst" child_ename="Connected Switchgears"  parent_field_name="tp_connected_fpis" child_field_name="tp_connected_switchgears" coord_x="437602" coord_y="351077"/>
   <collection join_type="1:0" join_name ="tp_ed_switchgear - Isolating Devices" parent_coll_name = "ed_switchgear" parent_ename="Connected Isolating Devices" child_coll_name="eo_isolating_eqpt_inst" child_ename="Connected Switchgears"  parent_field_name="tp_connected_isolating_devices" child_field_name="tp_connected_switchgears" coord_x="466327" coord_y="353407"/>
   <collection join_type="1:0" join_name ="tp_ed_switchgear - RTU" parent_coll_name = "ed_switchgear" parent_ename="Connected RTUs" child_coll_name="ed_switchgear" child_ename="Connected Switchgears"  parent_field_name="tp_connected_rtus" child_field_name="tp_connected_switchgears" coord_x="486512" coord_y="357288"/>
   <collection join_type="1:N" join_name ="tp_ed_switchgear - Service Pts" parent_coll_name = "ed_switchgear" parent_ename="Connected Service Points" child_coll_name="eo_service_point" child_ename="Connected Switchgears"  parent_field_name="tp_connected_supply_points" child_field_name="tp_connected_switchgears" coord_x="505145" coord_y="359617"/>

  <!--  Circuit-->

  <collection join_type="1:N" join_name ="tp_eo_circuit - Feeder" parent_coll_name = "eo_circuit" parent_ename="Connected Feeders" child_coll_name="eo_wire_segment_inst" child_ename="Connected Circuits"  parent_field_name="tp_connected_feeders" child_field_name="tp_connected_circuits" coord_x="533094" coord_y="361946"/>

  <!-- Power Transformer Installation -->

  <collection join_type="1:N" join_name ="tp_eo_power_xfrmr_inst - Feeder" parent_coll_name = "eo_power_xfrmr_inst" parent_ename="Connected Feeders" child_coll_name="eo_wire_segment_inst" child_ename="Connected Transformers"  parent_field_name="tp_connected_feeders" child_field_name="tp_connected_xfrmrs" coord_x="561042" coord_y="365052"/>
  <collection join_type="1:N" join_name ="tp_eo_power_xfrmr_inst - Isolating Device" parent_coll_name = "eo_power_xfrmr_inst" parent_ename="Connected Isolating Devices" child_coll_name="eo_isolating_eqpt_inst" child_ename="Connected Transformers"  parent_field_name="tp_connected_isolating_devices" child_field_name="tp_connected_xfrmrs" coord_x="589768" coord_y="367381"/>
  <collection join_type="1:N" join_name ="tp_eo_power_xfrmr_inst - Meter" parent_coll_name = "eo_power_xfrmr_inst" parent_ename="Connected Meters" child_coll_name="eo_meter" child_ename="Connected Transformers"  parent_field_name="tp_connected_meters" child_field_name="tp_connected_xfrmrs" coord_x="616940" coord_y="366605"/>
  <collection join_type="1:0" join_name ="tp_eo_power_xfrmr_inst - Substation" parent_coll_name = "eo_power_xfrmr_inst" parent_ename="Connected Substations" child_coll_name="sub_substation" child_ename="Connected Transformers"  parent_field_name="tp_connected_substations" child_field_name="tp_connected_xfrmrs" coord_x="340557" coord_y="410080"/>
  <collection join_type="1:N" join_name ="tp_eo_power_xfrmr_inst - Service Point" parent_coll_name = "eo_power_xfrmr_inst" parent_ename="Connected Service Points" child_coll_name="eo_service_point" child_ename="Connected Transformers"  parent_field_name="tp_connected_service_points" child_field_name="tp_connected_xfrmrs" coord_x="361519" coord_y="412410"/>

  <!--  Fiber Optic-->

  <collection join_type="1:N" join_name ="tp_eo_fiber_optic - Pole" parent_coll_name = "eo_fiber_optic" parent_ename="Connected Poles" child_coll_name="ed_pole" child_ename="Connected Fiber Optics"  parent_field_name="tp_connected_poles" child_field_name="tp_connected_fbr_optics" coord_x="387139" coord_y="414739"/>
  <collection join_type="1:N" join_name ="tp_eo_fiber_optic - Joint" parent_coll_name = "eo_fiber_optic" parent_ename="Connected Joints" child_coll_name="eo_connector_point_inst" child_ename="Connected Fiber Optics"  parent_field_name="tp_joint_box_for_opgw_ofc" child_field_name="tp_connected_fbr_optics" coord_x="418969" coord_y="413962"/>

  <!--  Energy Source -->

  <!--<collection join_type="1:0" join_name ="" parent_coll_name = "eo_energy_source" parent_ename="Connected to Battery Bank No" child_coll_name="eo_energy_source" child_ename="Connected Energy Sources"  parent_field_name="tp_connected_to_battery_bank_no" child_field_name="tp_connected_energy_sources"/>-->

  <!-- Isolating Equipment Installation -->

  <collection join_type="1:N" join_name ="tp_eo_isolating_eqpt_inst - Cable" parent_coll_name = "eo_isolating_eqpt_inst" parent_ename="Connected Cables" child_coll_name="eo_cable_segment_inst" child_ename="Connected Isolating Devices"  parent_field_name="tp_connected_cables" child_field_name="tp_isolating_eqpts" coord_x="451576" coord_y="415515"/>
  <collection join_type="1:0" join_name ="tp_eo_isolating_eqpt_inst - RTU" parent_coll_name = "eo_isolating_eqpt_inst" parent_ename="Connected RTUs" child_coll_name="ed_switchgear" child_ename="Connected Isolating Devices"  parent_field_name="tp_connected_rtus" child_field_name="tp_isolating_eqpts" coord_x="477972" coord_y="416291"/>
  <collection join_type="1:N" join_name ="tp_eo_isolating_eqpt_inst - Wire" parent_coll_name = "eo_isolating_eqpt_inst" parent_ename="Connected Wires" child_coll_name="eo_wire_segment_inst" child_ename="Connected Isolating Devices"  parent_field_name="tp_connected_wires" child_field_name="tp_isolating_eqpts" coord_x="502039" coord_y="416291"/>
 
  <!--  Connector Point Installation-->

  <collection join_type="1:0" join_name ="tp_eo_connector_point_inst - Substation" parent_coll_name = "eo_connector_point_inst" parent_ename="Connected Substations" child_coll_name="sub_substation" child_ename="Connected Joints"  parent_field_name="to_connected_substations" child_field_name="tp_connected_joints" coord_x="531541" coord_y="417844"/>
  <collection join_type="1:0" join_name ="eo_connector_point_inst - Switchgear" parent_coll_name = "eo_connector_point_inst" parent_ename="Connected Switchgears" child_coll_name="ed_switchgear" child_ename="Connected Joints"  parent_field_name="tp_connected_switchgears" child_field_name="tp_connected_joints" coord_x="568030" coord_y="420949"/>

  <!-- Energy Storage Installation -->

  <collection join_type="1:0" join_name ="tp_eo_energy_storage_inst - Battery" parent_coll_name = "eo_energy_storage_inst" parent_ename="Connected to Battery Charger" child_coll_name="eo_energy_source" child_ename="Connected Energy Storages"  parent_field_name="tp_connected_battery_chargers" child_field_name="tp_connected_energy_storages" coord_x="604518" coord_y="425608"/>

  <!-- Measuring Equipment Installation -->

  <collection join_type="1:0" join_name ="tp_eo_measuring_eqpt_inst - Meter" parent_coll_name = "eo_measuring_eqpt_inst" parent_ename="Connected Meters" child_coll_name="eo_meter" child_ename="Connected Measuring Eqpts"  parent_field_name="tp_connected_meters" child_field_name="tp_connected_measuring_eqpts" coord_x="636349" coord_y="426384"/>
  <collection join_type="1:0" join_name ="tp_eo_measuring_eqpt_inst - Wire" parent_coll_name = "eo_measuring_eqpt_inst" parent_ename="Connected Wires" child_coll_name="eo_wire_segment_inst" child_ename="Connected Measuring Eqpts"  parent_field_name="tp_connected_wires" child_field_name="tp_connected_measuring_eqpts" coord_x="280778" coord_y="419397"/>
  
  <!--Protective Equipment Installation  -->

   <collection join_type="1:0" join_name ="tp_eo_protective_eqpt_inst - Cable" parent_coll_name = "eo_protective_eqpt_inst" parent_ename="Connected Cables" child_coll_name="eo_cable_segment_inst" child_ename="Connected Protective Eqpts"  parent_field_name="tp_connected_cables" child_field_name="tp_connected_prot_eqpts" coord_x="267580" coord_y="393777"/>
   <collection join_type="1:0" join_name ="tp_eo_protective_eqpt_inst - RTU" parent_coll_name = "eo_protective_eqpt_inst" parent_ename="Connected RTUS" child_coll_name="ed_switchgear" child_ename="Connected Protective Eqpts"  parent_field_name="tp_connected_rtus" child_field_name="tp_connected_prot_eqpts" coord_x="261369" coord_y="368157"/>
   <collection join_type="1:0" join_name ="tp_eo_protective_eqpt_inst - Wire" parent_coll_name = "eo_protective_eqpt_inst" parent_ename="Connected Wires" child_coll_name="eo_wire_segment_inst" child_ename="Connected Protective Eqpts"  parent_field_name="tp_connected_wires" child_field_name="tp_connected_prot_eqpts" coord_x="251276" coord_y="348748"/>
  

    <!-- Meter -->

    <collection join_type="1:0" join_name ="tp_eo_meter - Service lines" parent_coll_name = "eo_meter" parent_ename="Connected Service lines" child_coll_name="eo_cable_segment_inst" child_ename="Connected Meters"  parent_field_name="tp_connected_cables" child_field_name="tp_connected_meters" coord_x="236526" coord_y="320023"/>
    <collection join_type="1:0" join_name ="tp_eo_meter - Pole" parent_coll_name = "eo_meter" parent_ename="Connected Poles" child_coll_name="ed_pole" child_ename="Connected Meters"  parent_field_name="tp_connected_poles" child_field_name="tp_connected_meters" coord_x="224104" coord_y="291298"/>
    <collection join_type="1:0" join_name ="tp_eo_meter - Service Pt" parent_coll_name = "eo_meter" parent_ename="Connected Service Points" child_coll_name="eo_service_point" child_ename="Connected Meters"  parent_field_name="tp_connected_service_points" child_field_name="tp_connected_meters" coord_x="218669" coord_y="274995"/>

   <!-- Cable Segment -->
   
   <collection join_type="1:N" join_name ="tp_eo_cable_segment_inst - Cable Ends " parent_coll_name = "eo_cable_segment_inst" parent_ename="Connected Cable Ends" child_coll_name="eo_cable_segment_inst" child_ename="Connected Cables"  parent_field_name="tp_connected_cable_ends" child_field_name="tp_connected_cables" coord_x="186063" coord_y="270336"/>
   <collection join_type="1:N" join_name ="tp_eo_cable_segment_inst - Joints" parent_coll_name = "eo_cable_segment_inst" parent_ename="Connected Cable Joints" child_coll_name="eo_connector_point_inst" child_ename="Connected Cables"  parent_field_name="tp_connected_joints" child_field_name="tp_connected_cables" coord_x="153456" coord_y="278100"/>
   <collection join_type="1:N" join_name ="tp_eo_cable_segment_inst - Service Pts" parent_coll_name = "eo_cable_segment_inst" parent_ename="Connected Service Point" child_coll_name="eo_service_point" child_ename="Connected Cables"  parent_field_name="tp_connected_service_points" child_field_name="tp_connected_cables" coord_x="102992" coord_y="271113"/>
   <collection join_type="1:N" join_name ="tp_eo_cable_segment_inst - Wires" parent_coll_name = "eo_cable_segment_inst" parent_ename="Connected Wires" child_coll_name="eo_wire_segment_inst" child_ename="Connected Cables"  parent_field_name="tp_connected_wires" child_field_name="tp_connected_cables" coord_x="110756" coord_y="297509"/>

   <!-- Wire Segment -->
   
 
   <collection join_type="1:N" join_name ="tp_eo_wire_segment_inst - Cable" parent_coll_name = "eo_wire_segment_inst" parent_ename="Connected Cable Ends" child_coll_name="eo_cable_segment_inst" child_ename="Connected Wires"  parent_field_name="tp_connected_cable_ends" child_field_name="tp_connected_feeders" coord_x="116190" coord_y="323129"/>
   <collection join_type="1:N" join_name ="tp_eo_wire_segment_inst - Joint" parent_coll_name = "eo_wire_segment_inst" parent_ename="Connected Cable Joints" child_coll_name="eo_connector_point_inst" child_ename="Connected Wires"  parent_field_name="tp_connected_joints" child_field_name="tp_connected_feeders" coord_x="144139" coord_y="314589"/>
   <collection join_type="1:N" join_name ="tp_eo_wire_segment_inst - Conduit" parent_coll_name = "eo_wire_segment_inst" parent_ename="Connected Conduits" child_coll_name="eo_conduit" child_ename="Connected Wires"  parent_field_name="tp_connected_conduits" child_field_name="tp_connected_feeders" coord_x="147245" coord_y="340985"/>
   <collection join_type="1:N" join_name ="tp_eo_wire_segment_inst - Insulator" parent_coll_name = "eo_wire_segment_inst" parent_ename="Connected Insulators" child_coll_name="et_insulator" child_ename="Connected Wires"  parent_field_name="tp_connected_insulators" child_field_name="tp_connected_feeders" coord_x="175970" coord_y="330116"/>
   <collection join_type="1:N" join_name ="tp_eo_wire_segment_inst - Jumper" parent_coll_name = "eo_wire_segment_inst" parent_ename="Connected Jumpers" child_coll_name="eo_wire_segment_inst" child_ename="Connected Wires"  parent_field_name="tp_connected_jumpers" child_field_name="tp_connected_feeders" coord_x="113861" coord_y="354959"/>

   <!-- Decorative Pole -->

    <collection join_type="1:N" join_name ="tp_ed_decorative_pole - Cable" parent_coll_name = "ed_decorative_pole" parent_ename="Connected Cables" child_coll_name="eo_cable_segment_inst" child_ename="Connected Decorative Poles"  parent_field_name="tp_connected_cables" child_field_name="tp_connected_dec_poles" coord_x="112309" coord_y="380579"/>
    <collection join_type="1:N" join_name ="tp_ed_decorative_pole - Isolating Device" parent_coll_name = "ed_decorative_pole" parent_ename="Connected Isolating Devices" child_coll_name="eo_isolating_eqpt_inst" child_ename="Connected Decorative Poles"  parent_field_name="tp_connected_isolating_devices" child_field_name="tp_connected_dec_poles" coord_x="139481" coord_y="376697"/>
    <collection join_type="1:N" join_name ="tp_ed_decorative_pole - Wire" parent_coll_name = "ed_decorative_pole" parent_ename="Connected Wires" child_coll_name="eo_wire_segment_inst" child_ename="Connected Decorative Poles"  parent_field_name="tp_connected_wires" child_field_name="tp_connected_dec_poles" coord_x="160443" coord_y="379803"/>
  
   <!-- Pole -->

    <collection join_type="1:N" join_name ="tp_ed_pole - Cable" parent_coll_name = "ed_pole" parent_ename="Connected Cables" child_coll_name="eo_cable_segment_inst" child_ename="Connected Poles"  parent_field_name="tp_connected_cables" child_field_name="tp_connected_poles" coord_x="810725" coord_y="199549"/>
    <collection join_type="1:N" join_name ="tp_ed_pole - Ed Guy" parent_coll_name = "ed_pole" parent_ename="Connected Guys" child_coll_name="ed_guy" child_ename="Connected Poles"  parent_field_name="tp_connected_guys" child_field_name="tp_connected_poles" coord_x="896498" coord_y="208821"/>
     <collection join_type="1:N" join_name ="tp_ed_pole - Et Guy" parent_coll_name = "ed_pole" parent_ename="Connected Guys" child_coll_name="et_guy" child_ename="Connected Poles"  parent_field_name="tp_connected_guys" child_field_name="tp_connected_poles" coord_x="1012407" coord_y="213458"/>
    <collection join_type="1:N" join_name ="tp_ed_pole - Isolating Device" parent_coll_name = "ed_pole" parent_ename="Connected Isolating Devices" child_coll_name="eo_isolating_eqpt_inst" child_ename="Connected Poles"  parent_field_name="tp_connected_isolating_devices" child_field_name="tp_connected_poles" coord_x="1068043" coord_y="211140"/>
    <collection join_type="1:N" join_name ="tp_ed_pole - Riser" parent_coll_name = "ed_pole" parent_ename="Connected Risers" child_coll_name="ed_riser" child_ename="Connected Poles"  parent_field_name="tp_connected_risers" child_field_name="tp_connected_poles" coord_x="1144544" coord_y="206503"/>
    <collection join_type="1:N" join_name ="tp_ed_pole - Service Conn" parent_coll_name = "ed_pole" parent_ename="Connected Service Connections" child_coll_name="eo_service_connection" child_ename="Connected Poles"  parent_field_name="tp_connected_service_conns" child_field_name="tp_connected_poles" coord_x="1214089" coord_y="208821"/>
    <collection join_type="1:N" join_name ="tp_ed_pole - Supply Point" parent_coll_name = "ed_pole" parent_ename="Connected Supply Points" child_coll_name="eo_service_point" child_ename="Connected Poles"  parent_field_name="tp_connected_service_points" child_field_name="tp_connected_poles" coord_x="1225680" coord_y="113776"/>
    <collection join_type="1:N" join_name ="tp_ed_pole - Stud Pole" parent_coll_name = "ed_pole" parent_ename="Connected Stud Poles" child_coll_name="ed_decorative_pole" child_ename="Connected Poles"  parent_field_name="tp_connected_stud_poles" child_field_name="tp_connected_poles" coord_x="1285953" coord_y="97548"/>
    <collection join_type="1:N" join_name ="tp_ed_pole - Xfrmr" parent_coll_name = "ed_pole" parent_ename="Connected Transformers" child_coll_name="eo_power_xfrmr_inst" child_ename="Connected Poles"  parent_field_name="tp_connected_xfrmrs" child_field_name="tp_connected_poles" coord_x="1295226" coord_y="32639"/>

    <!-- Tower -->

    <collection join_type="1:N" join_name ="tp_et_tower - Cable" parent_coll_name = "et_tower" parent_ename="Connected Cables" child_coll_name="eo_cable_segment_inst" child_ename="Connected Towers"  parent_field_name="tp_connected_cables" child_field_name="tp_connected_towers" coord_x="1037907" coord_y="232003"/>
    <collection join_type="1:N" join_name ="tp_et_tower - Feeder" parent_coll_name = "et_tower" parent_ename="Connected Feeders" child_coll_name="eo_wire_segment_inst" child_ename="Connected Towers"  parent_field_name="tp_connected_feeders" child_field_name="tp_connected_towers" coord_x="1088907" coord_y="227367"/>
    <collection join_type="1:N" join_name ="tp_et_tower - Wire" parent_coll_name = "et_tower" parent_ename="Connected Wires" child_coll_name="eo_wire_segment_inst" child_ename="Connected Towers"  parent_field_name="tp_connected_wires" child_field_name="tp_connected_towers" coord_x="1160771" coord_y="222730"/>

    <!-- Service Point -->

    <collection join_type="1:0" join_name ="tp_eo_service_point - Cabinet" parent_coll_name = "eo_service_point" parent_ename="Connected Cabinets" child_coll_name="ed_cabinet" child_ename="Connected Supply Points"  parent_field_name="tp_connected_cabinets" child_field_name="tp_connected_service_points" coord_x="903452" coord_y="340958"/>
    <collection join_type="1:0" join_name ="tp_eo_service_point - Feeder" parent_coll_name = "eo_service_point" parent_ename="Connected Feeders" child_coll_name="eo_wire_segment_inst" child_ename="Connected Supply Points"  parent_field_name="tp_connected_feeders" child_field_name="tp_connected_service_points" coord_x="949816" coord_y="345594"/>
    <collection join_type="1:0" join_name ="tp_eo_service_point - Meter" parent_coll_name = "eo_service_point" parent_ename="Connected Meters" child_coll_name="eo_meter" child_ename="Connected Supply Points"  parent_field_name="tp_connected_meters" child_field_name="tp_connected_service_points" coord_x="1023998" coord_y="345594"/>
    <collection join_type="1:0" join_name ="tp_eo_service_point - Service Conn" parent_coll_name = "eo_service_point" parent_ename="Connected Service Connections" child_coll_name="eo_service_connection" child_ename="Connected Supply Points"  parent_field_name="tp_connected_service_conns" child_field_name="tp_connected_service_points" coord_x="1086589" coord_y="350231"/>

    <!-- Service Connection-->

    <collection join_type="1:0" join_name ="tp_eo_service_connection - Service Pts" parent_coll_name = "eo_service_connection" parent_ename="Connected Service Point" child_coll_name="eo_service_point" child_ename="Connected Service Conns"  parent_field_name="tp_connected_service_points" child_field_name="tp_connected_service_points" coord_x="1167725" coord_y="352549"/>
  


</tp_collections>
