[
  {
    "_id": "1fd97660-1525-11ea-b4b0-053d1ccbd3b5",
    "_type": "visualization",
    "_source": {
      "title": "Render Tile Response Time",
      "visState": "{\"title\":\"Render Tile Response Time\",\"type\":\"histogram\",\"params\":{\"addLegend\":true,\"addTimeMarker\":false,\"addTooltip\":true,\"categoryAxes\":[{\"id\":\"CategoryAxis-1\",\"labels\":{\"show\":true,\"truncate\":100},\"position\":\"bottom\",\"scale\":{\"type\":\"linear\"},\"show\":true,\"style\":{},\"title\":{},\"type\":\"category\"}],\"grid\":{\"categoryLines\":false,\"style\":{\"color\":\"#eee\"}},\"legendPosition\":\"right\",\"seriesParams\":[{\"data\":{\"id\":\"1\",\"label\":\"Count\"},\"drawLinesBetweenPoints\":true,\"mode\":\"stacked\",\"show\":\"true\",\"showCircles\":true,\"type\":\"histogram\",\"valueAxis\":\"ValueAxis-1\"}],\"times\":[],\"type\":\"histogram\",\"valueAxes\":[{\"id\":\"ValueAxis-1\",\"labels\":{\"filter\":false,\"rotate\":0,\"show\":true,\"truncate\":100},\"name\":\"LeftAxis-1\",\"position\":\"left\",\"scale\":{\"mode\":\"normal\",\"type\":\"linear\"},\"show\":true,\"style\":{},\"title\":{\"text\":\"Count\"},\"type\":\"value\"}]},\"aggs\":[{\"id\":\"1\",\"enabled\":true,\"type\":\"count\",\"schema\":\"metric\",\"params\":{}},{\"id\":\"2\",\"enabled\":true,\"type\":\"histogram\",\"schema\":\"segment\",\"params\":{\"field\":\"gss.inbound_request.duration\",\"interval\":0.05,\"min_doc_count\":true,\"extended_bounds\":{},\"customLabel\":\"Response time (s)\"}}]}",
      "uiStateJSON": "{}",
      "description": "",
      "version": 1,
      "kibanaSavedObjectMeta": {
        "searchSourceJSON": "{\"index\":\"78bec220-1517-11ea-b4b0-053d1ccbd3b5\",\"query\":{\"language\":\"lucene\",\"query\":\"\"},\"filter\":[{\"meta\":{\"index\":\"78bec220-1517-11ea-b4b0-053d1ccbd3b5\",\"negate\":false,\"disabled\":false,\"alias\":null,\"type\":\"phrase\",\"key\":\"gss.inbound_request.operation.keyword\",\"value\":\"render_tile\",\"params\":{\"query\":\"render_tile\",\"type\":\"phrase\"}},\"query\":{\"match\":{\"gss.inbound_request.operation.keyword\":{\"query\":\"render_tile\",\"type\":\"phrase\"}}},\"$state\":{\"store\":\"appState\"}}]}"
      }
    },
    "_migrationVersion": {
      "visualization": "6.7.2"
    }
  }
]